paper_id,publication_year,publication_month
paper_10025_2.pdf,2022,9
paper_10052.pdf,2019,8
paper_10105.pdf,2020,8
paper_10115.pdf,2025,5
paper_10162.pdf,2021,9
paper_10185.pdf,2020,4
paper_10190.pdf,2025,4
paper_10272.pdf,2021,9
paper_10280.pdf,2020,5
paper_10297.pdf,2024,8
paper_10299.pdf,2009,12
paper_10305.pdf,2021,7
paper_10354.pdf,2024,12
paper_10412.pdf,2025,1
paper_10435.pdf,2023,10
paper_10464.pdf,2024,9
paper_10472.pdf,2024,11
paper_10511.pdf,2025,1
paper_10539.pdf,2024,5
paper_10583.pdf,2023,2
paper_10617.pdf,2020,4
paper_10660.pdf,2016,6
paper_10676.pdf,2023,9
paper_10730.pdf,2022,5
paper_10745.pdf,2024,6
paper_10760.pdf,2020,6
paper_10766.pdf,2025,2
paper_10820.pdf,2021,11
paper_10827.pdf,2024,5
paper_10880.pdf,2022,5
paper_10903.pdf,2025,1
paper_10936.pdf,2023,11
paper_10961.pdf,2017,12
paper_10979.pdf,2023,12
paper_10999.pdf,2024,4
paper_1102.pdf,2025,5
paper_11021.pdf,2025,5
paper_11047.pdf,2006,12
paper_11060.pdf,2014,1
paper_11087.pdf,2025,4
paper_11114.pdf,2022,11
paper_11209.pdf,2015,1
paper_11222.pdf,2021,5
paper_11232.pdf,2020,5
paper_11291.pdf,2015,11
paper_11312.pdf,2024,1
paper_11316.pdf,2025,4
paper_11320.pdf,2025,3
paper_11325.pdf,2025,4
paper_11334.pdf,2021,3
paper_11344.pdf,2024,10
paper_11363.pdf,2024,5
paper_11371.pdf,2016,8
paper_11374.pdf,2024,9
paper_11390.pdf,2025,4
paper_11457.pdf,2023,5
paper_11470.pdf,2025,2
paper_11472.pdf,2024,1
paper_11491.pdf,2024,2
paper_11524.pdf,2025,4
paper_11541.pdf,2024,10
paper_11544.pdf,2024,5
paper_11618.pdf,2022,7
paper_11657.pdf,2022,1
paper_11686.pdf,2023,4
paper_11742.pdf,2022,3
paper_11748_2.pdf,2023,10
paper_11810.pdf,2012,12
paper_11834.pdf,2024,11
paper_11846.pdf,2025,5
paper_11852.pdf,2024,9
paper_11852_2.pdf,2023,10
paper_11884.pdf,2022,4
paper_11887.pdf,2023,1
paper_11913.pdf,2025,4
paper_11924.pdf,2016,9
paper_11936.pdf,2023,9
paper_11937_2.pdf,2024,5
paper_11951.pdf,2013,6
paper_11974.pdf,2025,1
paper_12028.pdf,2022,6
paper_12032.pdf,2023,9
paper_12036.pdf,2024,5
paper_12064.pdf,2023,11
paper_12066.pdf,2021,8
paper_12076.pdf,2021,12
paper_12105.pdf,2024,7
paper_12112.pdf,2024,11
paper_12173.pdf,2019,4
paper_12176.pdf,2025,1
paper_12178.pdf,2023,2
paper_12184.pdf,2023,10
paper_12195.pdf,2024,1
paper_12205.pdf,2024,12
paper_12234.pdf,2020,7
paper_12235.pdf,2025,6
paper_12252.pdf,2022,9
paper_12258.pdf,2024,8
paper_12270.pdf,2023,10
paper_12273.pdf,2025,4
paper_12277.pdf,2023,4
paper_12284.pdf,2022,8
paper_12323.pdf,2024,3
paper_12336.pdf,2024,9
paper_12340_2.pdf,2023,9
paper_12374.pdf,2025,6
paper_12411.pdf,2024,4
paper_12449.pdf,2013,4
paper_12463.pdf,2024,2
paper_12464.pdf,2022,1
paper_12466.pdf,2021,1
paper_12476.pdf,2024,11
paper_12487.pdf,2021,10
paper_12505.pdf,2020,12
paper_12515.pdf,2025,6
paper_12535.pdf,2022,9
paper_12609.pdf,2023,12
paper_12623.pdf,2015,9
paper_12625.pdf,2024,7
paper_12626.pdf,2024,5
paper_12660.pdf,2024,1
paper_12669.pdf,2024,6
paper_12679.pdf,2024,11
paper_12694.pdf,2011,1
paper_12709.pdf,2021,5
paper_12723.pdf,2022,6
paper_12770_2.pdf,2024,6
paper_12779.pdf,2018,12
paper_12780.pdf,2025,4
paper_12783.pdf,2023,10
paper_12808.pdf,2025,1
paper_12810.pdf,2024,7
paper_12836.pdf,2024,12
paper_12847.pdf,2022,8
paper_12848.pdf,2024,11
paper_12857.pdf,2024,5
paper_12857_2.pdf,2023,9
paper_12877.pdf,2020,4
paper_12877_2.pdf,2022,4
paper_12911.pdf,2025,3
paper_12945.pdf,2025,3
paper_12991.pdf,2014,10
paper_13015.pdf,2025,4
paper_13019.pdf,2022,12
paper_13033.pdf,2024,4
paper_13062.pdf,2024,8
paper_13070.pdf,2024,3
paper_13077.pdf,2025,5
paper_13078.pdf,2024,12
paper_13082.pdf,2024,7
paper_13088.pdf,2023,8
paper_13114.pdf,2025,6
paper_13134.pdf,2024,5
paper_13152.pdf,2015,5
paper_13164.pdf,2025,1
paper_13198_2.pdf,2019,4
paper_13222.pdf,2024,1
paper_13279.pdf,2022,11
paper_13299.pdf,2023,11
paper_13318.pdf,2024,9
paper_13319.pdf,2024,2
paper_13380.pdf,2024,3
paper_13395.pdf,2022,5
paper_13396.pdf,2016,12
paper_13426.pdf,2023,6
paper_13460.pdf,2023,8
paper_13462.pdf,2024,7
paper_13465.pdf,2019,1
paper_13479.pdf,2024,10
paper_13485.pdf,2025,3
paper_13489.pdf,2024,8
paper_13528.pdf,2025,3
paper_13536.pdf,2022,7
paper_13538.pdf,2022,2
paper_13572.pdf,2024,1
paper_13575.pdf,2020,12
paper_13588.pdf,2023,10
paper_13590.pdf,2024,6
paper_13601.pdf,2024,5
paper_13628.pdf,2023,8
paper_13636.pdf,2024,9
paper_13670.pdf,2023,9
paper_13750.pdf,2024,6
paper_13787.pdf,2023,9
paper_13796.pdf,2023,8
paper_13796_2.pdf,2023,3
paper_13807.pdf,2024,5
paper_13860.pdf,2025,6
paper_13866.pdf,2023,2
paper_13947.pdf,2022,5
paper_13967.pdf,2025,4
paper_13970.pdf,2025,5
paper_14007.pdf,2023,3
paper_14026.pdf,2019,9
paper_14027.pdf,2024,1
paper_14042.pdf,2022,2
paper_14054.pdf,2024,6
paper_14056.pdf,2024,1
paper_14061.pdf,2024,7
paper_14079.pdf,2024,2
paper_14079_2.pdf,2024,2
paper_14121.pdf,2024,9
paper_14132.pdf,2023,4
paper_14156.pdf,2018,9
paper_14174.pdf,2021,12
paper_14179.pdf,2023,7
paper_14179_2.pdf,2023,7
paper_14204.pdf,2024,7
paper_14212.pdf,2024,3
paper_14214.pdf,2020,12
paper_14229.pdf,2024,12
paper_14231.pdf,2015,12
paper_14257.pdf,2020,12
paper_14270.pdf,2024,7
paper_14274.pdf,2025,5
paper_14294.pdf,2025,6
paper_14295.pdf,2021,6
paper_14350.pdf,2019,12
paper_14352.pdf,2025,3
paper_14361.pdf,2016,6
paper_14417.pdf,2024,11
paper_14436.pdf,2013,10
paper_14455.pdf,2023,2
paper_14465.pdf,2020,12
paper_14480.pdf,2025,4
paper_14530.pdf,2024,12
paper_14565.pdf,2024,7
paper_14565_2.pdf,2020,12
paper_14585.pdf,2025,3
paper_14626.pdf,2025,5
paper_14647_2.pdf,2022,5
paper_14689.pdf,2024,11
paper_14696.pdf,2025,1
paper_14775.pdf,2024,10
paper_14780.pdf,2024,12
paper_14835.pdf,2023,11
paper_14863.pdf,2025,4
paper_14868.pdf,2025,1
paper_14883.pdf,2025,5
paper_14889.pdf,2024,9
paper_14938.pdf,2023,7
paper_14947.pdf,2022,3
paper_14948.pdf,2024,9
paper_14953.pdf,2024,11
paper_14962.pdf,2023,3
paper_14967.pdf,2025,6
paper_150125.pdf,2021,8
paper_15035.pdf,2021,3
paper_15056.pdf,2022,9
paper_15060.pdf,2022,5
paper_15087.pdf,2024,12
paper_15095.pdf,2021,4
paper_15099.pdf,2023,7
paper_15135.pdf,2025,6
paper_15165.pdf,2024,3
paper_15175.pdf,2022,2
paper_15176.pdf,2025,4
paper_15266.pdf,2025,6
paper_15408.pdf,2023,12
paper_15409.pdf,2023,9
paper_15507.pdf,2022,5
paper_15516.pdf,2024,5
paper_15576.pdf,2014,7
paper_15599.pdf,2021,11
paper_15614.pdf,2024,2
paper_15688.pdf,2025,1
paper_15713.pdf,2023,1
paper_15743.pdf,2025,3
paper_15823.pdf,2017,6
paper_15854.pdf,2022,12
paper_15857.pdf,2023,12
paper_15858.pdf,2025,1
paper_15870.pdf,2024,9
paper_15913.pdf,2024,5
paper_15923.pdf,2025,6
paper_15944.pdf,2024,4
paper_15951.pdf,2015,6
paper_15955.pdf,2024,9
paper_15979.pdf,2023,10
paper_15982_2.pdf,2024,1
paper_16011.pdf,2024,7
paper_16078.pdf,2024,6
paper_16079.pdf,2024,11
paper_16089_2.pdf,2023,9
paper_16097.pdf,2025,6
paper_16134.pdf,2024,5
paper_1614.pdf,2021,1
paper_16142.pdf,2023,12
paper_1614_2.pdf,2021,1
paper_16171.pdf,2025,3
paper_16176_2.pdf,2025,6
paper_16178.pdf,2024,3
paper_16193.pdf,2024,12
paper_16227.pdf,2022,12
paper_16254.pdf,2024,12
paper_16288.pdf,2025,3
paper_16328.pdf,2017,5
paper_16369.pdf,2025,6
paper_16373.pdf,2023,8
paper_16456.pdf,2025,6
paper_16469.pdf,2022,12
paper_16472.pdf,2024,4
paper_16486.pdf,2024,6
paper_16545.pdf,2022,3
paper_16545_2.pdf,2025,1
paper_16620.pdf,2021,12
paper_16632.pdf,2022,12
paper_16644.pdf,2018,4
paper_16650.pdf,2025,2
paper_16705.pdf,2017,8
paper_16746.pdf,2025,4
paper_16753.pdf,2024,1
paper_16757.pdf,2024,4
paper_16819.pdf,2022,5
paper_16894.pdf,2022,12
paper_16908.pdf,2024,9
paper_16909.pdf,2024,12
paper_16923.pdf,2024,12
paper_16939.pdf,2024,9
paper_16953.pdf,2024,9
paper_17003.pdf,2022,3
paper_17024.pdf,2024,6
paper_17071.pdf,2012,7
paper_17077.pdf,2024,12
paper_17131.pdf,2025,4
paper_17133.pdf,2024,7
paper_17159.pdf,2025,5
paper_17163.pdf,2024,8
paper_17193.pdf,2019,7
paper_17194.pdf,2025,1
paper_17208.pdf,2025,4
paper_17209.pdf,2025,6
paper_17211.pdf,2022,7
paper_17215.pdf,2023,10
paper_17239.pdf,2025,5
paper_17275.pdf,2024,7
paper_17284.pdf,2022,12
paper_17314.pdf,2024,2
paper_17316.pdf,2025,1
paper_17387.pdf,2023,6
paper_17403.pdf,2024,5
paper_17406.pdf,2024,10
paper_17407.pdf,2025,6
paper_17438.pdf,2024,8
paper_17475.pdf,2023,6
paper_17489.pdf,2024,12
paper_17509.pdf,2023,6
paper_17540.pdf,2025,1
paper_17566.pdf,2023,3
paper_17575.pdf,2021,9
paper_17607.pdf,2024,3
paper_17614.pdf,2023,7
paper_17622.pdf,2023,1
paper_17625.pdf,2023,7
paper_17658.pdf,2024,10
paper_17689.pdf,2025,5
paper_17690.pdf,2024,11
paper_17692.pdf,2024,5
paper_17742.pdf,2013,8
paper_17752.pdf,2016,7
paper_17812.pdf,2025,4
paper_17828.pdf,2024,7
paper_17858.pdf,2022,4
paper_17900.pdf,2022,11
paper_17934.pdf,2025,1
paper_17936.pdf,2025,3
paper_17976.pdf,2022,1
paper_18009.pdf,2025,1
paper_18035.pdf,2024,3
paper_18092.pdf,2021,5
paper_18109.pdf,2023,6
paper_18137.pdf,2022,8
paper_18146.pdf,2025,3
paper_18237.pdf,2015,10
paper_18265.pdf,2025,4
paper_18307.pdf,2022,3
paper_18310.pdf,2022,6
paper_18325.pdf,2025,5
paper_18353.pdf,2019,3
paper_18362.pdf,2023,12
paper_18376.pdf,2025,1
paper_18378.pdf,2025,3
paper_18407.pdf,2016,8
paper_18433.pdf,2025,6
paper_18556.pdf,2023,11
paper_18577.pdf,2023,3
paper_18606.pdf,2017,9
paper_18639_2.pdf,2024,8
paper_18653.pdf,2023,1
paper_18657.pdf,2024,8
paper_18659.pdf,2024,8
paper_18672.pdf,2022,7
paper_18693.pdf,2025,4
paper_18730_2.pdf,2022,8
paper_18739.pdf,2010,6
paper_18746.pdf,2022,9
paper_18819.pdf,2024,6
paper_18830.pdf,2025,5
paper_18904.pdf,2024,10
paper_18911.pdf,2019,12
paper_18954.pdf,2025,2
paper_19058.pdf,2025,4
paper_19158.pdf,2025,4
paper_19199.pdf,2021,11
paper_19243.pdf,2025,6
paper_19243_2.pdf,2016,2
paper_19284.pdf,2019,5
paper_19294.pdf,2025,3
paper_19312.pdf,2023,9
paper_1934.pdf,2023,7
paper_19397.pdf,2021,12
paper_19438.pdf,2025,2
paper_19453.pdf,2024,7
paper_19462.pdf,2023,7
paper_19525.pdf,2025,4
paper_19534.pdf,2023,8
paper_19551_2.pdf,2022,1
paper_19607.pdf,2024,9
paper_19715.pdf,2023,7
paper_19732.pdf,2006,3
paper_19750.pdf,2019,2
paper_19765.pdf,2024,11
paper_19813_2.pdf,2023,8
paper_19888.pdf,2024,3
paper_19891.pdf,2022,12
paper_19966.pdf,2023,12
paper_20042.pdf,2024,11
paper_20046.pdf,2024,7
paper_20066.pdf,2019,10
paper_20084.pdf,2023,12
paper_20094.pdf,2023,7
paper_20160.pdf,2023,11
paper_2021.pdf,2023,9
paper_20221.pdf,2024,1
paper_20223.pdf,2017,3
paper_20251.pdf,2024,10
paper_20267.pdf,2024,3
paper_20279.pdf,2025,1
paper_20310.pdf,2020,6
paper_20349.pdf,2025,6
paper_20373.pdf,2024,8
paper_20434.pdf,2025,5
paper_20469.pdf,2023,11
paper_20545.pdf,2024,6
paper_20670.pdf,2023,8
paper_20776.pdf,2024,11
paper_20801.pdf,2023,4
paper_20852.pdf,2018,12
paper_20868.pdf,2023,9
paper_20894.pdf,2025,5
paper_20916.pdf,2024,9
paper_20948.pdf,2024,2
paper_20949.pdf,2022,11
paper_21000.pdf,2020,10
paper_21001.pdf,2025,5
paper_21003.pdf,2024,8
paper_21144.pdf,2025,5
paper_21147.pdf,2021,1
paper_21166.pdf,2025,2
paper_21211.pdf,2024,12
paper_21290.pdf,2022,8
paper_21297.pdf,2024,12
paper_21360.pdf,2023,7
paper_21360_2.pdf,2022,6
paper_21424.pdf,2023,9
paper_21436.pdf,2023,5
paper_21489.pdf,2025,3
paper_21523.pdf,2024,3
paper_21527.pdf,2023,7
paper_21563.pdf,2022,10
paper_21567.pdf,2024,9
paper_21656.pdf,2024,1
paper_21708.pdf,2024,12
paper_21855.pdf,2023,10
paper_21931.pdf,2023,12
paper_21941.pdf,2024,8
paper_21979.pdf,2018,10
paper_22061.pdf,2024,6
paper_2208_2.pdf,2025,3
paper_2212.pdf,2024,2
paper_22247.pdf,2022,3
paper_22350.pdf,2024,11
paper_2238.pdf,2023,5
paper_22405.pdf,2024,7
paper_22488.pdf,2015,8
paper_22537.pdf,2024,4
paper_22556.pdf,2025,5
paper_22557.pdf,2023,7
paper_22568.pdf,2023,12
paper_22583.pdf,2023,1
paper_22649.pdf,2024,12
paper_22667.pdf,2022,10
paper_22668.pdf,2023,1
paper_22802.pdf,2021,11
paper_22850.pdf,2023,7
paper_22860.pdf,2022,12
paper_22866.pdf,2025,6
paper_22878.pdf,2009,9
paper_22962.pdf,2023,10
paper_22971.pdf,2023,3
paper_23007.pdf,2025,5
paper_23041.pdf,2023,2
paper_23087.pdf,2024,9
paper_23115.pdf,2025,3
paper_23190.pdf,2021,7
paper_23335.pdf,2020,2
paper_23442.pdf,2022,3
paper_23450.pdf,2022,11
paper_23501.pdf,2025,3
paper_23509.pdf,2021,12
paper_23611.pdf,2022,9
paper_23656.pdf,2024,11
paper_23705.pdf,2025,1
paper_23856.pdf,2024,12
paper_23866.pdf,2024,9
paper_23872.pdf,2024,6
paper_23953.pdf,2024,12
paper_23956.pdf,2024,12
paper_2396.pdf,2024,3
paper_23970.pdf,2025,2
paper_24025.pdf,2023,12
paper_24088.pdf,2025,6
paper_24158.pdf,2021,12
paper_24183.pdf,2024,10
paper_24270.pdf,2024,9
paper_2432.pdf,2023,6
paper_2435.pdf,2023,9
paper_24414.pdf,2025,6
paper_24457.pdf,2025,3
paper_24588.pdf,2018,2
paper_2460.pdf,2024,3
paper_24775.pdf,2023,11
paper_24839.pdf,2024,9
paper_24878.pdf,2023,7
paper_25007.pdf,2025,4
paper_25059.pdf,2025,1
paper_25070.pdf,2023,1
paper_25079.pdf,2024,12
paper_25138.pdf,2024,11
paper_25153.pdf,2024,4
paper_25235.pdf,2023,1
paper_25265.pdf,2024,3
paper_25390.pdf,2025,6
paper_25504.pdf,2025,4
paper_25535.pdf,2025,3
paper_25571.pdf,2024,2
paper_25641.pdf,2022,11
paper_25702.pdf,2024,12
paper_25703.pdf,2024,12
paper_2584.pdf,2024,12
paper_25901.pdf,2023,1
paper_25927.pdf,2025,2
paper_26032.pdf,2023,5
paper_26087.pdf,2021,5
paper_26147.pdf,2022,12
paper_26231.pdf,2021,10
paper_26288.pdf,2023,3
paper_26477.pdf,2021,11
paper_26627.pdf,2022,4
paper_26772.pdf,2023,6
paper_26863.pdf,2025,2
paper_26939.pdf,2022,8
paper_26996.pdf,2022,1
paper_27033.pdf,2024,11
paper_27058.pdf,2019,9
paper_27201.pdf,2024,11
paper_27231.pdf,2023,10
paper_27320.pdf,2025,5
paper_27332.pdf,2025,5
paper_27338.pdf,2025,4
paper_27346.pdf,2022,5
paper_27363.pdf,2022,2
paper_27369.pdf,2024,9
paper_27377.pdf,2021,9
paper_27385.pdf,2025,4
paper_2744.pdf,2025,3
paper_2752.pdf,2023,10
paper_27569.pdf,2015,5
paper_27618.pdf,2024,12
paper_2768.pdf,2023,7
paper_27716.pdf,2021,2
paper_27766.pdf,2025,6
paper_27773.pdf,2025,3
paper_27828.pdf,2023,10
paper_27904.pdf,2025,4
paper_27918.pdf,2025,3
paper_27970.pdf,2025,6
paper_28168.pdf,2025,6
paper_28185.pdf,2023,10
paper_28357.pdf,2025,1
paper_28420.pdf,2025,5
paper_2857.pdf,2024,1
paper_28618.pdf,2022,4
paper_28663.pdf,2024,12
paper_28689.pdf,2025,1
paper_28689_2.pdf,2021,12
paper_28808.pdf,2024,10
paper_28954.pdf,2023,7
paper_29114.pdf,2021,9
paper_29184.pdf,2023,10
paper_29224.pdf,2024,1
paper_29261.pdf,2020,6
paper_29275.pdf,2018,9
paper_29480.pdf,2022,1
paper_29763.pdf,2021,12
paper_29764.pdf,2021,12
paper_29840.pdf,2024,4
paper_30140.pdf,2024,7
paper_30404.pdf,2021,3
paper_30652.pdf,2024,11
paper_30733.pdf,2024,11
paper_30746.pdf,2020,12
paper_30749.pdf,2022,12
paper_3088.pdf,2024,12
paper_30956.pdf,2023,11
paper_30981.pdf,2023,9
paper_31172.pdf,2020,10
paper_31288.pdf,2023,1
paper_31321.pdf,2025,3
paper_31341.pdf,2023,6
paper_31378.pdf,2024,9
paper_31432.pdf,2023,1
paper_31528.pdf,2023,1
paper_31607.pdf,2022,1
paper_31684.pdf,2022,8
paper_31750.pdf,2025,6
paper_32054.pdf,2023,11
paper_3210.pdf,2010,5
paper_32688.pdf,2024,6
paper_32700.pdf,2024,3
paper_32716.pdf,2019,8
paper_32872.pdf,2022,4
paper_3294.pdf,2024,2
paper_3294_2.pdf,2024,2
paper_3295.pdf,2023,10
paper_32985.pdf,2025,4
paper_33108.pdf,2025,3
paper_3315.pdf,2024,6
paper_33690.pdf,2023,7
paper_33947.pdf,2025,6
paper_3398.pdf,2025,4
paper_34022.pdf,2025,4
paper_3409.pdf,2020,3
paper_3415.pdf,2025,2
paper_34179.pdf,2025,2
paper_34426.pdf,2022,9
paper_34487.pdf,2025,6
paper_34539.pdf,2023,7
paper_3454.pdf,2018,10
paper_34693.pdf,2023,11
paper_34918.pdf,2022,11
paper_35062.pdf,2025,5
paper_35136.pdf,2024,8
paper_35204.pdf,2022,11
paper_35297.pdf,2025,6
paper_35504.pdf,2025,5
paper_36211.pdf,2025,3
paper_36232.pdf,2024,10
paper_36298.pdf,2024,12
paper_36317.pdf,2024,12
paper_36536.pdf,2022,9
paper_37304.pdf,2022,9
paper_37501.pdf,2025,5
paper_3777.pdf,2024,1
paper_37843.pdf,2024,9
paper_37870.pdf,2023,6
paper_38207.pdf,2024,3
paper_38292.pdf,2025,6
paper_38394.pdf,2025,1
paper_38405.pdf,2024,12
paper_3855.pdf,2024,8
paper_39779.pdf,2024,5
paper_40035.pdf,2024,10
paper_40094.pdf,2025,4
paper_4058.pdf,2019,12
paper_4093.pdf,2023,10
paper_41079.pdf,2023,12
paper_4111.pdf,2023,11
paper_41111.pdf,2025,3
paper_4116.pdf,2025,3
paper_41413.pdf,2019,3
paper_41532.pdf,2023,7
paper_41769.pdf,2021,2
paper_4185.pdf,2019,9
paper_4244.pdf,2024,12
paper_4287.pdf,2025,3
paper_4293.pdf,2020,6
paper_4295.pdf,2014,4
paper_4328.pdf,2020,6
paper_45041.pdf,2024,6
paper_4517.pdf,2018,8
paper_4530.pdf,2024,8
paper_4563.pdf,2023,10
paper_45665.pdf,2025,6
paper_46170.pdf,2024,8
paper_46339.pdf,2023,8
paper_46539.pdf,2022,5
paper_46560.pdf,2024,12
paper_4726.pdf,2025,6
paper_47310.pdf,2025,1
paper_47626.pdf,2021,2
paper_47997.pdf,2025,3
paper_4895.pdf,2022,7
paper_4965.pdf,2022,3
paper_49790.pdf,2025,4
paper_4999.pdf,2025,4
paper_5009.pdf,2024,5
paper_50104.pdf,2023,10
paper_5068.pdf,2010,9
paper_5100.pdf,2019,10
paper_51271.pdf,2023,11
paper_51712.pdf,2025,3
paper_5264.pdf,2020,10
paper_5298.pdf,2024,12
paper_5317.pdf,2025,5
paper_53180.pdf,2024,5
paper_5379.pdf,2025,4
paper_5383.pdf,2025,6
paper_54011.pdf,2024,5
paper_5418.pdf,2024,8
paper_5422.pdf,2024,6
paper_54272.pdf,2023,6
paper_54302.pdf,2022,11
paper_5435.pdf,2023,7
paper_5456.pdf,2024,6
paper_5458.pdf,2024,10
paper_54630.pdf,2021,7
paper_5576.pdf,2023,2
paper_5604.pdf,2017,7
paper_56446.pdf,2025,6
paper_5702.pdf,2016,6
paper_57640.pdf,2023,6
paper_5767.pdf,2021,2
paper_5802.pdf,2010,9
paper_5824.pdf,2024,12
paper_5926.pdf,2018,12
paper_5944.pdf,2020,3
paper_5952.pdf,2023,10
paper_6036.pdf,2025,2
paper_6060.pdf,2024,8
paper_6082.pdf,2024,6
paper_6091.pdf,2023,9
paper_6129.pdf,2021,10
paper_6146.pdf,2021,10
paper_6170.pdf,2022,10
paper_6171.pdf,2024,10
paper_62616.pdf,2024,4
paper_6273.pdf,2024,10
paper_6284.pdf,2015,9
paper_6300.pdf,2023,9
paper_6343.pdf,2024,11
paper_6355.pdf,2024,4
paper_6357.pdf,2024,3
paper_6392.pdf,2023,12
paper_6408.pdf,2025,1
paper_6525.pdf,2018,9
paper_6555.pdf,2024,12
paper_6585.pdf,2024,12
paper_6601.pdf,2025,4
paper_6618.pdf,2017,12
paper_6623.pdf,2012,3
paper_6645.pdf,2024,4
paper_6727.pdf,2024,1
paper_6822.pdf,2015,8
paper_6833.pdf,2024,12
paper_6833_2.pdf,2024,3
paper_6842.pdf,2025,1
paper_6917.pdf,2016,7
paper_6929.pdf,2016,6
paper_6987.pdf,2024,5
paper_7003.pdf,2020,10
paper_7012.pdf,2023,1
paper_7046.pdf,2025,4
paper_7048.pdf,2020,6
paper_7066.pdf,2024,9
paper_7086.pdf,2015,8
paper_7095.pdf,2025,6
paper_7140.pdf,2020,11
paper_7151.pdf,2024,11
paper_7217.pdf,2024,5
paper_7223.pdf,2022,12
paper_7245.pdf,1997,10
paper_7265.pdf,2025,1
paper_7275.pdf,2014,6
paper_7325.pdf,2024,10
paper_7327.pdf,2025,2
paper_7341.pdf,2024,6
paper_7348.pdf,2023,12
paper_7356.pdf,2021,7
paper_7363.pdf,2015,11
paper_7364.pdf,2021,9
paper_7394.pdf,2025,3
paper_7454.pdf,2016,9
paper_7473.pdf,2024,12
paper_7530.pdf,2019,10
paper_7624.pdf,2024,6
paper_7625.pdf,2023,7
paper_7667.pdf,2015,8
paper_7668.pdf,2021,9
paper_7707.pdf,2021,9
paper_7711.pdf,2020,7
paper_7774.pdf,2023,12
paper_7775.pdf,2022,5
paper_7797.pdf,2023,8
paper_7822.pdf,2025,1
paper_7891.pdf,2024,4
paper_7936.pdf,2023,10
paper_7951.pdf,2024,10
paper_7958.pdf,2018,10
paper_8041.pdf,2024,7
paper_8046.pdf,2024,9
paper_8065.pdf,2024,10
paper_8065_3.pdf,2019,10
paper_8108.pdf,2024,3
paper_8148_2.pdf,2020,2
paper_8167.pdf,2024,9
paper_8180.pdf,2024,2
paper_8326.pdf,2020,10
paper_8328.pdf,2023,7
paper_8347.pdf,2025,2
paper_8357.pdf,2025,5
paper_8413.pdf,2024,6
paper_8418.pdf,2020,9
paper_8430_2.pdf,2019,8
paper_8475.pdf,2024,6
paper_8491.pdf,2023,12
paper_8510.pdf,2023,7
paper_8510_2.pdf,2018,5
paper_8528.pdf,2024,1
paper_8586.pdf,2025,2
paper_8601.pdf,2024,10
paper_8624.pdf,2015,11
paper_8635.pdf,2025,3
paper_8635_2.pdf,2025,3
paper_8730.pdf,2019,9
paper_8740.pdf,2022,7
paper_8757.pdf,2025,2
paper_8761.pdf,2024,7
paper_8775.pdf,2023,7
paper_8785.pdf,2014,2
paper_8786.pdf,2023,4
paper_8823.pdf,2025,6
paper_8835.pdf,2023,10
paper_8836.pdf,2015,12
paper_8849.pdf,2017,6
paper_8862.pdf,2019,9
paper_8922.pdf,2025,1
paper_8925.pdf,2021,12
paper_8941.pdf,2025,3
paper_8979.pdf,2019,1
paper_8996.pdf,2024,4
paper_8998.pdf,2025,6
paper_9005.pdf,2023,10
paper_9013.pdf,2024,1
paper_9037.pdf,2022,8
paper_9038.pdf,2022,1
paper_90502.pdf,2021,1
paper_9187.pdf,2021,12
paper_9210_2.pdf,2019,12
paper_9231.pdf,2024,10
paper_9292.pdf,2024,11
paper_9300.pdf,2020,1
paper_9303.pdf,2024,11
paper_9340.pdf,2025,6
paper_9358.pdf,2024,6
paper_9360.pdf,2021,11
paper_9361.pdf,2024,11
paper_9375.pdf,2022,9
paper_9414.pdf,2018,7
paper_9455.pdf,2023,11
paper_9461.pdf,2024,10
paper_9463.pdf,2024,1
paper_9474.pdf,2025,1
paper_9478.pdf,2023,1
paper_9503.pdf,2020,1
paper_9503_2.pdf,2020,1
paper_9542.pdf,2024,11
paper_9545.pdf,2025,2
paper_9559.pdf,2023,12
paper_9566.pdf,2020,4
paper_9639.pdf,2025,4
paper_9737.pdf,2024,10
paper_9810.pdf,2025,5
paper_9890.pdf,2024,9
paper_9928.pdf,2022,9
paper_9977.pdf,2023,8
paper_9987.pdf,2024,5
paper_9999.pdf,2025,1
